iter	MultiClass
0	1.785757718
1	1.780978419
2	1.775044982
3	1.770284202
4	1.76384829
5	1.756529256
6	1.751507772
7	1.745377462
8	1.738363102
9	1.733747678
10	1.726402652
11	1.720464925
12	1.71447286
13	1.707706983
14	1.70108221
15	1.695470957
16	1.690411495
17	1.686166252
18	1.680907137
19	1.676116947
20	1.670508621
21	1.6658317
22	1.658941864
23	1.654480352
24	1.650224769
25	1.643782289
26	1.63942689
27	1.634693453
